-- phpMyAdmin SQL Dump
-- version 4.8.5
-- https://www.phpmyadmin.net/
--
-- Host: 127.0.0.1
-- Generation Time: Jun 17, 2020 at 10:00 AM
-- Server version: 10.1.39-MariaDB
-- PHP Version: 7.3.5

SET SQL_MODE = "NO_AUTO_VALUE_ON_ZERO";
SET AUTOCOMMIT = 0;
START TRANSACTION;
SET time_zone = "+00:00";


/*!40101 SET @OLD_CHARACTER_SET_CLIENT=@@CHARACTER_SET_CLIENT */;
/*!40101 SET @OLD_CHARACTER_SET_RESULTS=@@CHARACTER_SET_RESULTS */;
/*!40101 SET @OLD_COLLATION_CONNECTION=@@COLLATION_CONNECTION */;
/*!40101 SET NAMES utf8mb4 */;

--
-- Database: `angularsite_backend`
--

-- --------------------------------------------------------

--
-- Table structure for table `addresses`
--

CREATE TABLE `addresses` (
  `id` int(11) NOT NULL,
  `line1` varchar(255) DEFAULT NULL,
  `line2` varchar(255) DEFAULT NULL,
  `city` varchar(45) DEFAULT NULL,
  `state` varchar(45) DEFAULT NULL,
  `country` varchar(45) DEFAULT NULL,
  `phone` varchar(10) DEFAULT NULL,
  `pincode` int(6) DEFAULT NULL,
  `user_id` int(11) NOT NULL
) ENGINE=InnoDB DEFAULT CHARSET=utf8;

--
-- Dumping data for table `addresses`
--

INSERT INTO `addresses` (`id`, `line1`, `line2`, `city`, `state`, `country`, `phone`, `pincode`, `user_id`) VALUES
(1, 'Test Address', 'Test Address', 'New Delhi', 'Delhi', 'India', '9855698981', 110045, 1),
(2, 'Test Address 2', 'Gollahalli, Electronic City', 'Bangalore', 'Karnataka', 'India', '9855698981', 560100, 1);

-- --------------------------------------------------------

--
-- Table structure for table `categories`
--

CREATE TABLE `categories` (
  `id` int(11) NOT NULL,
  `title` varchar(255) NOT NULL
) ENGINE=InnoDB DEFAULT CHARSET=utf8;

--
-- Dumping data for table `categories`
--

INSERT INTO `categories` (`id`, `title`) VALUES
(1, 'Sofas'),
(2, 'Living Room'),
(3, 'Bedroom'),
(4, 'Dining'),
(5, 'Study & Office'),
(6, 'Decor');

-- --------------------------------------------------------

--
-- Table structure for table `orders`
--

CREATE TABLE `orders` (
  `id` int(10) NOT NULL,
  `user_id` int(11) NOT NULL
) ENGINE=InnoDB DEFAULT CHARSET=utf8;

--
-- Dumping data for table `orders`
--

INSERT INTO `orders` (`id`, `user_id`) VALUES
(7, 1),
(8, 1),
(13, 1),
(14, 1),
(15, 1),
(16, 1),
(17, 1),
(18, 1),
(19, 1),
(20, 1),
(21, 1),
(22, 1),
(23, 1),
(24, 1),
(25, 1),
(26, 1),
(27, 1),
(28, 1),
(29, 1),
(30, 1),
(31, 1),
(32, 1),
(33, 1),
(34, 1),
(35, 1),
(36, 1),
(37, 1),
(38, 1),
(39, 1),
(40, 1),
(41, 1),
(52, 1),
(53, 1),
(54, 1),
(55, 1),
(56, 1),
(57, 1),
(58, 1),
(59, 1),
(60, 1),
(61, 1),
(62, 1),
(64, 1),
(65, 1),
(66, 1),
(67, 1),
(68, 1),
(69, 1),
(70, 1),
(71, 1),
(72, 1),
(73, 1),
(74, 1),
(75, 1),
(76, 1),
(77, 1),
(78, 1),
(79, 1),
(80, 1),
(81, 1),
(82, 1),
(83, 1),
(84, 1),
(85, 1),
(86, 1),
(87, 1),
(88, 1),
(89, 1),
(90, 1),
(91, 1),
(93, 1),
(94, 1),
(95, 1),
(96, 1),
(97, 1),
(98, 1),
(99, 1),
(100, 1),
(101, 1),
(102, 1),
(103, 1),
(127, 1),
(128, 1),
(129, 1),
(130, 1),
(131, 1),
(6, 2),
(42, 2),
(43, 2),
(44, 2),
(63, 2),
(104, 2),
(105, 2),
(106, 2),
(107, 2),
(108, 2),
(109, 2),
(110, 2),
(111, 2),
(112, 2),
(113, 2),
(114, 2),
(115, 2),
(116, 2),
(117, 2),
(118, 2),
(119, 2),
(120, 2),
(122, 2),
(123, 2),
(125, 11),
(126, 14);

-- --------------------------------------------------------

--
-- Table structure for table `orders_details`
--

CREATE TABLE `orders_details` (
  `id` int(10) NOT NULL,
  `order_id` int(11) NOT NULL,
  `product_id` int(10) NOT NULL,
  `quantity` int(11) NOT NULL DEFAULT '1'
) ENGINE=InnoDB DEFAULT CHARSET=utf8;

--
-- Dumping data for table `orders_details`
--

INSERT INTO `orders_details` (`id`, `order_id`, `product_id`, `quantity`) VALUES
(4, 7, 4, 1),
(6, 8, 5, 1),
(45, 39, 1, 3),
(49, 40, 1, 2),
(54, 42, 1, 2),
(59, 43, 1, 2),
(62, 44, 1, 2),
(66, 52, 4, 1),
(67, 53, 7, 1),
(68, 54, 1, 1),
(69, 55, 3, 6),
(70, 56, 1, 1),
(71, 56, 4, 1),
(72, 56, 7, 1),
(73, 56, 6, 1),
(74, 57, 2, 1),
(75, 57, 3, 1),
(76, 58, 3, 1),
(77, 58, 2, 1),
(78, 59, 2, 1),
(79, 59, 3, 1),
(80, 60, 2, 1),
(81, 60, 3, 1),
(82, 61, 2, 1),
(83, 61, 3, 1),
(84, 62, 1, 1),
(85, 62, 4, 1),
(86, 63, 1, 2),
(90, 64, 1, 1),
(91, 64, 2, 1),
(92, 65, 2, 1),
(93, 65, 3, 1),
(94, 66, 2, 1),
(95, 67, 3, 2),
(96, 67, 2, 3),
(97, 68, 8, 2),
(98, 68, 7, 1),
(99, 69, 5, 2),
(100, 69, 6, 1),
(101, 70, 2, 1),
(102, 70, 3, 1),
(103, 71, 2, 1),
(104, 71, 1, 2),
(105, 71, 4, 6),
(106, 71, 3, 3),
(107, 72, 1, 1),
(108, 72, 3, 1),
(109, 73, 6, 2),
(110, 73, 4, 1),
(111, 74, 5, 1),
(112, 75, 6, 1),
(113, 76, 2, 1),
(114, 77, 2, 1),
(115, 77, 3, 1),
(116, 78, 1, 1),
(117, 78, 2, 1),
(118, 79, 6, 2),
(119, 79, 8, 1),
(120, 79, 7, 1),
(121, 80, 1, 1),
(122, 80, 2, 3),
(123, 81, 4, 3),
(124, 81, 2, 6),
(125, 81, 3, 6),
(126, 82, 2, 1),
(127, 82, 3, 1),
(128, 83, 5, 1),
(129, 85, 3, 3),
(130, 85, 6, 4),
(131, 85, 4, 1),
(132, 86, 2, 1),
(133, 87, 4, 3),
(134, 87, 6, 1),
(135, 89, 7, 4),
(136, 89, 4, 2),
(137, 89, 5, 3),
(138, 89, 6, 8),
(139, 90, 4, 4),
(140, 91, 2, 1),
(141, 93, 2, 1),
(142, 93, 3, 1),
(143, 94, 2, 1),
(144, 94, 3, 3),
(145, 95, 5, 1),
(146, 95, 3, 1),
(147, 95, 2, 1),
(148, 96, 2, 8),
(149, 96, 4, 1),
(150, 96, 3, 1),
(151, 97, 6, 1),
(152, 97, 5, 1),
(153, 98, 3, 6),
(154, 98, 4, 3),
(155, 99, 2, 14),
(156, 99, 5, 2),
(157, 100, 2, 5),
(158, 101, 3, 1),
(159, 102, 3, 3),
(160, 103, 2, 1),
(161, 103, 4, 3),
(162, 104, 1, 2),
(166, 105, 1, 2),
(171, 106, 1, 2),
(174, 107, 1, 2),
(178, 108, 2, 1),
(179, 109, 2, 1),
(180, 110, 5, 1),
(181, 110, 4, 1),
(182, 111, 6, 4),
(183, 111, 7, 1),
(184, 112, 5, 1),
(185, 112, 2, 1),
(186, 112, 3, 1),
(187, 113, 2, 1),
(188, 114, 3, 1),
(189, 115, 2, 1),
(190, 115, 3, 1),
(191, 116, 3, 1),
(192, 116, 5, 6),
(193, 117, 4, 1),
(194, 117, 5, 1),
(195, 118, 2, 1),
(196, 119, 3, 1),
(197, 120, 1, 2),
(198, 122, 2, 3),
(199, 123, 1, 2),
(200, 123, 2, 3),
(201, 125, 1, 2),
(202, 125, 2, 3),
(203, 126, 5, 3),
(204, 126, 2, 2),
(205, 127, 3, 1),
(206, 127, 2, 1),
(207, 128, 2, 1),
(208, 129, 3, 2),
(209, 130, 2, 5),
(210, 130, 4, 1),
(211, 130, 3, 1),
(212, 130, 8, 1),
(213, 131, 3, 1);

-- --------------------------------------------------------

--
-- Table structure for table `products`
--

CREATE TABLE `products` (
  `id` int(10) NOT NULL,
  `title` varchar(255) NOT NULL,
  `image` varchar(255) NOT NULL,
  `images` text,
  `description` text NOT NULL,
  `price` float NOT NULL,
  `quantity` int(10) NOT NULL,
  `short_desc` varchar(255) NOT NULL,
  `cat_id` int(10) DEFAULT NULL
) ENGINE=InnoDB DEFAULT CHARSET=utf8;

--
-- Dumping data for table `products`
--

INSERT INTO `products` (`id`, `title`, `image`, `images`, `description`, `price`, `quantity`, `short_desc`, `cat_id`) VALUES
(1, 'Wooden Sofa', 'https://lh3.googleusercontent.com/E7YOmeh0SW69OB8yekXF6K3UxqVen_PxIqkqDvg1fja2ri1aBMgsMk8qwjLPG4_OW1ez0A=s640', NULL, 'Description Here....', 21999, 0, 'Short Description Goes Here...', 1),
(2, 'Wooden Mural Craft', 'https://lh3.googleusercontent.com/fH1svjd9RxbmwAxD3LTqOWOxJ7tM3et_SH-6H_M1V5BGj-fQVLLnvGtdyv9gdE0GBbeMZA=s640', NULL, 'Description Here....', 7999, 33, 'Short Description Goes Here...', 6),
(3, 'Wooden Mural Craft 2', 'https://lh3.googleusercontent.com/Tzy3M2J25M8H_oYx_MBXDuG5yvD0FM_zp4PfeSM7-xxUM_U6g9dOpxYadBQsbrcds5ry3rc=s640', NULL, 'Description Here....', 6999, 64, 'Short Description Goes Here...', 6),
(4, 'Wooden Dining Table', 'https://lh3.googleusercontent.com/CqpFS1GxWDLgjn33Wi2HJPVcCqO112m7u7LOjJiWVyHtsmF2I78K_KEUgzY8TeXL9aYyDw=s640', NULL, 'Description Here....', 19999, 77, 'Short Description Goes Here...', 4),
(5, 'Wooden Sofa 2', 'https://lh3.googleusercontent.com/EwU6h5L06oAEVMMhU172jnOANWWk-X7HLxinaibNju5BGJCR8Rp9PWND6Yxx7zqatnvFlA=s640', NULL, 'Description Here....', 24500, 80, 'Short Description Goes Here...', 1),
(6, 'Wooden Mural Craft 3', 'https://lh3.googleusercontent.com/_y93Nl3k5tX04G-est_AlQ3KSjv68-dhtca_wDig5M7PtiPNrBR1q1Tu72mRcDAfMzml4Q=s640', NULL, 'Description Here....', 5000, 1, 'Short Description Goes Here...', 6),
(7, 'Wooden Cot King Size with Bed', 'https://lh3.googleusercontent.com/eL338Kwa2BJm44i-fD_WbJ4KOfeZZQixkABs_x5hWE6MtMbItJkvDe-1ppSJ0fYdgtCX=s640', NULL, 'Description Here....', 25999, 95, 'Short Description Goes Here...', 3),
(8, 'Wooden Cot King Size with Bed 2', 'https://lh3.googleusercontent.com/O_tQKBPLDntJDp9ec25lPwGLfQBm0RFW4J1ybzUpD85sN0dmTlfRwNw0QlB8vOmaskzlmA=s640', NULL, 'Description Here....', 29999, 99, 'Short Description Goes Here...', 3);

-- --------------------------------------------------------

--
-- Table structure for table `users`
--

CREATE TABLE `users` (
  `id` int(11) NOT NULL,
  `username` varchar(255) NOT NULL,
  `password` varchar(255) NOT NULL,
  `email` varchar(255) NOT NULL,
  `fname` varchar(255) DEFAULT 'not set',
  `lname` varchar(255) DEFAULT 'not set',
  `age` int(10) DEFAULT '18',
  `role` int(10) DEFAULT '555',
  `photoUrl` text,
  `type` varchar(255) NOT NULL DEFAULT 'local'
) ENGINE=InnoDB DEFAULT CHARSET=utf8;

--
-- Dumping data for table `users`
--

INSERT INTO `users` (`id`, `username`, `password`, `email`, `fname`, `lname`, `age`, `role`, `photoUrl`, `type`) VALUES
(1, 'john', '$2b$10$iLEz3tkVKeOCwuagcqhDUOV.Iswjc.I41unbnnFGiqK/gmstDCC3i', 'john@gmail.com', 'Indranil', 'Mukherjee', 31, 777, '', 'local'),
(2, 'shane', '$2b$10$ewemZ.oLASXUIWfUrjkDeOTCZUCpnhSlR3/Act2eQnvGg6mnGLOtG', 'shane123@gmail.com', 'Navoneel', 'Mukherjee', 27, 555, '', 'local'),
(11, 'mike', '$2b$10$vIS0W3LKhbx2tFh1GMYWhul7GWtIg4jnKU2C/NGux1pUG3QKMdNzO', 'mike-doe@excellent.com', 'Mike', 'Leming', 40, 555, 'https://i.pinimg.com/originals/dc/55/a0/dc55a0fec14d93d9cf6fa32c32f7c7f2.jpg', 'local'),
(14, 'indramukh', '$2b$10$po91FRkYQIfPDN6G1BxG0uIV7Z54GbJRkJw2t9wRec9uqmRKillqa', 'indramukh@hotmail.com', 'Indranil', 'Mukherjee', NULL, 555, 'https://image.shutterstock.com/image-vector/person-gray-photo-placeholder-man-260nw-1259815156.jpg', 'local'),
(19, 'test', 'admin@123', 'test@gmail.com', 'Indranil', 'Mukherjee', NULL, 555, 'https://image.shutterstock.com/image-vector/person-gray-photo-placeholder-man-260nw-1259815156.jpg', 'local'),
(20, 'bhaikaju', '$2b$10$P9X8c/MC39.Zxr2k5SfxK.lwbcj6PNou2ueqod29CFZrmuDUCvlfe', 'bhaikaju@gmail.com', 'Programming\'s Fun', 'not set', NULL, 555, 'https://lh3.googleusercontent.com/a-/AOh14GiPx0OQHJOCy-fSfNmKr1vbnM-Rp7CgS_jx_6oY=s96-c', 'social'),
(21, 'shreyamukherjee07', '$2b$10$SOw/LSErH0IbZ96h7pop.O6NJreOD3HjRGiZZmKnqiXiuUPCl8b8W', 'shreyamukherjee07@gmail.com', 'Shreya', 'Mukherjee', NULL, 555, 'https://lh3.googleusercontent.com/a-/AOh14Gg2Be7kKwqsUbQwyuCGToyZcCQ3ZDDWNkvSbQJVHA=s96-c', 'social');

--
-- Indexes for dumped tables
--

--
-- Indexes for table `addresses`
--
ALTER TABLE `addresses`
  ADD PRIMARY KEY (`id`),
  ADD KEY `fk_addresses_users1_idx` (`user_id`);

--
-- Indexes for table `categories`
--
ALTER TABLE `categories`
  ADD PRIMARY KEY (`id`);

--
-- Indexes for table `orders`
--
ALTER TABLE `orders`
  ADD PRIMARY KEY (`id`),
  ADD KEY `fk_orders_users1_idx` (`user_id`);

--
-- Indexes for table `orders_details`
--
ALTER TABLE `orders_details`
  ADD PRIMARY KEY (`id`),
  ADD KEY `fk_orders_has_products_products1_idx` (`product_id`),
  ADD KEY `fk_orders_has_products_orders1_idx` (`order_id`);

--
-- Indexes for table `products`
--
ALTER TABLE `products`
  ADD PRIMARY KEY (`id`),
  ADD KEY `products_ibfk_1` (`cat_id`);
ALTER TABLE `products` ADD FULLTEXT KEY `description` (`description`);

--
-- Indexes for table `users`
--
ALTER TABLE `users`
  ADD PRIMARY KEY (`id`);

--
-- AUTO_INCREMENT for dumped tables
--

--
-- AUTO_INCREMENT for table `addresses`
--
ALTER TABLE `addresses`
  MODIFY `id` int(11) NOT NULL AUTO_INCREMENT, AUTO_INCREMENT=3;

--
-- AUTO_INCREMENT for table `categories`
--
ALTER TABLE `categories`
  MODIFY `id` int(11) NOT NULL AUTO_INCREMENT, AUTO_INCREMENT=7;

--
-- AUTO_INCREMENT for table `orders`
--
ALTER TABLE `orders`
  MODIFY `id` int(10) NOT NULL AUTO_INCREMENT, AUTO_INCREMENT=132;

--
-- AUTO_INCREMENT for table `orders_details`
--
ALTER TABLE `orders_details`
  MODIFY `id` int(10) NOT NULL AUTO_INCREMENT, AUTO_INCREMENT=214;

--
-- AUTO_INCREMENT for table `products`
--
ALTER TABLE `products`
  MODIFY `id` int(10) NOT NULL AUTO_INCREMENT, AUTO_INCREMENT=9;

--
-- AUTO_INCREMENT for table `users`
--
ALTER TABLE `users`
  MODIFY `id` int(11) NOT NULL AUTO_INCREMENT, AUTO_INCREMENT=22;

--
-- Constraints for dumped tables
--

--
-- Constraints for table `addresses`
--
ALTER TABLE `addresses`
  ADD CONSTRAINT `fk_addresses_users1` FOREIGN KEY (`user_id`) REFERENCES `users` (`id`) ON DELETE CASCADE ON UPDATE CASCADE;

--
-- Constraints for table `orders`
--
ALTER TABLE `orders`
  ADD CONSTRAINT `users` FOREIGN KEY (`user_id`) REFERENCES `users` (`id`) ON DELETE CASCADE ON UPDATE CASCADE;

--
-- Constraints for table `orders_details`
--
ALTER TABLE `orders_details`
  ADD CONSTRAINT `fk_orders_has_products_orders1` FOREIGN KEY (`order_id`) REFERENCES `orders` (`id`) ON DELETE CASCADE ON UPDATE CASCADE,
  ADD CONSTRAINT `fk_orders_has_products_products1` FOREIGN KEY (`product_id`) REFERENCES `products` (`id`) ON DELETE CASCADE ON UPDATE CASCADE;

--
-- Constraints for table `products`
--
ALTER TABLE `products`
  ADD CONSTRAINT `products_ibfk_1` FOREIGN KEY (`cat_id`) REFERENCES `categories` (`id`) ON DELETE SET NULL ON UPDATE CASCADE;
COMMIT;

/*!40101 SET CHARACTER_SET_CLIENT=@OLD_CHARACTER_SET_CLIENT */;
/*!40101 SET CHARACTER_SET_RESULTS=@OLD_CHARACTER_SET_RESULTS */;
/*!40101 SET COLLATION_CONNECTION=@OLD_COLLATION_CONNECTION */;
